ISIN,Weight
IE0031442068,51.02041
LU0908500753,39.79592
EE3100127242,9.18367
